{"cameraMode":{"drawMode":0,"name":"Shaded","section":"Shading Mode"},"sceneLighting":false,"audioPlay":false,"sceneViewState":{"showFog":true,"showMaterialUpdate":true,"showSkybox":false,"showFlares":true,"showImageEffects":true,"showParticleSystems":true},"in2DMode":false,"pivot":{"x":-36.42100524902344,"y":16.782081604003908,"z":-4.723939895629883},"rotation":{"x":-0.016052644699811937,"y":0.9610387086868286,"z":-0.05715054273605347,"w":-0.2700030207633972},"size":10.0,"orthographic":false}