{"cameraMode":{"drawMode":0,"name":"Shaded","section":"Shading Mode"},"sceneLighting":false,"audioPlay":false,"sceneViewState":{"showFog":true,"showMaterialUpdate":true,"showSkybox":false,"showFlares":true,"showImageEffects":true,"showParticleSystems":true},"in2DMode":false,"pivot":{"x":-7.122086048126221,"y":0.4647059440612793,"z":9.927335739135743},"rotation":{"x":0.10766002535820008,"y":0.6900002956390381,"z":-0.10491713881492615,"w":0.7080330848693848},"size":2.0837411880493166,"orthographic":false}