{"cameraMode":{"drawMode":0,"name":"Shaded","section":"Shading Mode"},"sceneLighting":false,"audioPlay":false,"sceneViewState":{"showFog":true,"showMaterialUpdate":true,"showSkybox":false,"showFlares":true,"showImageEffects":true,"showParticleSystems":true},"in2DMode":false,"pivot":{"x":3.4408326148986818,"y":-1.707167387008667,"z":-3.6365747451782228},"rotation":{"x":-0.025443533435463907,"y":0.973336935043335,"z":-0.18406206369400025,"w":-0.13457386195659638},"size":22.62740707397461,"orthographic":false}