{"cameraMode":{"drawMode":0,"name":"Shaded","section":"Shading Mode"},"sceneLighting":false,"audioPlay":false,"sceneViewState":{"showFog":true,"showMaterialUpdate":true,"showSkybox":false,"showFlares":true,"showImageEffects":true,"showParticleSystems":true},"in2DMode":false,"pivot":{"x":1.1645503044128419,"y":0.6600416898727417,"z":1.9587393999099732},"rotation":{"x":0.036349669098854068,"y":0.9219671487808228,"z":0.08934283256530762,"w":-0.37509244680404665},"size":0.7028905749320984,"orthographic":false}