{"cameraMode":{"drawMode":0,"name":"Shaded","section":"Shading Mode"},"sceneLighting":false,"audioPlay":false,"sceneViewState":{"showFog":true,"showMaterialUpdate":true,"showSkybox":true,"showFlares":true,"showImageEffects":true,"showParticleSystems":true},"in2DMode":false,"pivot":{"x":297.48046875,"y":235.54705810546876,"z":614.6499633789063},"rotation":{"x":0.007498000282794237,"y":-0.008100070990622044,"z":0.00006035931073711254,"w":0.9999396800994873},"size":811.0846557617188,"orthographic":false}