{"cameraMode":{"drawMode":0,"name":"Shaded","section":"Shading Mode"},"sceneLighting":false,"audioPlay":false,"sceneViewState":{"showFog":true,"showMaterialUpdate":true,"showSkybox":false,"showFlares":true,"showImageEffects":true,"showParticleSystems":true},"in2DMode":false,"pivot":{"x":-1.7827636003494263,"y":0.7200000286102295,"z":-16.030000686645509},"rotation":{"x":0.21554557979106904,"y":0.31139814853668215,"z":-0.07274772971868515,"w":0.9226490259170532},"size":0.3000170886516571,"orthographic":false}