{"cameraMode":{"drawMode":0,"name":"Shaded","section":"Shading Mode"},"sceneLighting":false,"audioPlay":false,"sceneViewState":{"showFog":true,"showMaterialUpdate":true,"showSkybox":false,"showFlares":true,"showImageEffects":true,"showParticleSystems":true},"in2DMode":false,"pivot":{"x":-0.14441817998886109,"y":1.321825385093689,"z":-0.04002903401851654},"rotation":{"x":0.012538209557533265,"y":0.9726207852363586,"z":-0.05403595417737961,"w":0.22568169236183167},"size":0.9286498427391052,"orthographic":false}