{"cameraMode":{"drawMode":0,"name":"Shaded","section":"Shading Mode"},"sceneLighting":true,"audioPlay":false,"sceneViewState":{"showFog":true,"showMaterialUpdate":true,"showSkybox":false,"showFlares":true,"showImageEffects":true,"showParticleSystems":true},"in2DMode":false,"pivot":{"x":1.0629289150238038,"y":2.5739998817443849,"z":-3.6429290771484377},"rotation":{"x":-0.0455947071313858,"y":-0.953480064868927,"z":0.23120929300785066,"w":-0.18802863359451295},"size":6.392949104309082,"orthographic":false}