{"cameraMode":{"drawMode":0,"name":"Shaded","section":"Shading Mode"},"sceneLighting":false,"audioPlay":false,"sceneViewState":{"showFog":true,"showMaterialUpdate":true,"showSkybox":false,"showFlares":true,"showImageEffects":true,"showParticleSystems":true},"in2DMode":false,"pivot":{"x":-4.8170647621154789,"y":3.307760715484619,"z":0.8610435724258423},"rotation":{"x":0.09051883220672608,"y":-0.6271159648895264,"z":0.07370895892381668,"w":0.7701311111450195},"size":3.9247446060180666,"orthographic":false}