{"cameraMode":{"drawMode":0,"name":"Shaded","section":"Shading Mode"},"sceneLighting":false,"audioPlay":false,"sceneViewState":{"showFog":true,"showMaterialUpdate":true,"showSkybox":false,"showFlares":true,"showImageEffects":true,"showParticleSystems":true},"in2DMode":false,"pivot":{"x":5.959146499633789,"y":1.4823784828186036,"z":-11.424962997436524},"rotation":{"x":0.3426215350627899,"y":0.6136897206306458,"z":-0.33510249853134158,"w":0.6274640560150147},"size":2.6156604290008547,"orthographic":false}