{"cameraMode":{"drawMode":0,"name":"Shaded","section":"Shading Mode"},"sceneLighting":false,"audioPlay":false,"sceneViewState":{"showFog":true,"showMaterialUpdate":true,"showSkybox":false,"showFlares":true,"showImageEffects":true,"showParticleSystems":true},"in2DMode":false,"pivot":{"x":0.3122978210449219,"y":1.428898572921753,"z":-0.12103271484375},"rotation":{"x":-0.012844515033066273,"y":0.985489547252655,"z":-0.14531658589839936,"w":-0.08714447170495987},"size":0.27497780323028567,"orthographic":true}