{"cameraMode":{"drawMode":0,"name":"Shaded","section":"Shading Mode"},"sceneLighting":false,"audioPlay":false,"sceneViewState":{"showFog":true,"showMaterialUpdate":true,"showSkybox":false,"showFlares":true,"showImageEffects":true,"showParticleSystems":true},"in2DMode":false,"pivot":{"x":0.13176405429840089,"y":0.07784977555274964,"z":0.01268760859966278},"rotation":{"x":0.05884849280118942,"y":0.8082931637763977,"z":-0.08200016617774964,"w":0.5801047086715698},"size":0.5253531336784363,"orthographic":true}